{
    "metrics": {
        "http_req_blocked": {
            "avg": 0.021431184668986244,
            "min": 0.001,
            "med": 0.005,
            "max": 10.69,
            "p(90)": 0.009,
            "p(95)": 0.018
        },
        "http_req_sending": {
            "max": 0.923,
            "p(90)": 0.037,
            "p(95)": 0.05025,
            "avg": 0.026753629500579804,
            "min": 0.005,
            "med": 0.024
        },
        "http_req_duration": {
            "avg": 767.491715374566,
            "min": 7.302,
            "med": 921.249,
            "max": 1431.937,
            "p(90)": 1247.0175,
            "p(95)": 1286.063
        },
        "vus": {
            "value": 488,
            "min": 17,
            "max": 500
        },
        "checks": {
            "passes": 0,
            "fails": 13776,
            "value": 0
        },
        "http_req_tls_handshaking": {
            "min": 0,
            "med": 0,
            "max": 0,
            "p(90)": 0,
            "p(95)": 0,
            "avg": 0
        },
        "http_req_waiting": {
            "max": 1431.871,
            "p(90)": 1246.9099999999999,
            "p(95)": 1285.975,
            "avg": 767.3966826364726,
            "min": 7.199,
            "med": 921.164
        },
        "http_req_receiving": {
            "p(90)": 0.088,
            "p(95)": 0.099,
            "avg": 0.06827910859465738,
            "min": 0.027,
            "med": 0.066,
            "max": 1.023
        },
        "vus_max": {
            "value": 500,
            "min": 500,
            "max": 500
        },
        "data_sent": {
            "count": 1388772,
            "rate": 21344.249776528668
        },
        "data_received": {
            "count": 4904256,
            "rate": 75374.26232098529
        },
        "http_req_failed": {
            "passes": 13776,
            "fails": 0,
            "value": 1
        },
        "http_reqs": {
            "count": 13776,
            "rate": 211.72545595782384
        },
        "http_req_connecting": {
            "max": 10.629,
            "p(90)": 0,
            "p(95)": 0,
            "avg": 0.012936120789779331,
            "min": 0,
            "med": 0
        }
    },
    "root_group": {
        "groups": {},
        "checks": {
                "is status 200": {
                    "name": "is status 200",
                    "path": "::is status 200",
                    "id": "548d37ca5f33793206f7832e7cea54fb",
                    "passes": 0,
                    "fails": 13776
                }
            },
        "name": "",
        "path": "",
        "id": "d41d8cd98f00b204e9800998ecf8427e"
    }
}